{
  "f27b7a99-332c-4a62-9785-3ac23f67887e": {
    "model_id": "f27b7a99-332c-4a62-9785-3ac23f67887e",
    "model_type": "sarima",
    "model_path": "models\\f27b7a99-332c-4a62-9785-3ac23f67887e.pkl",
    "created_at": "2025-10-21T14:51:28.976311",
    "training_observations": 10,
    "parameters": {
      "order": {
        "p": 1,
        "d": 1,
        "q": 1
      },
      "seasonal_order": {
        "p": 1,
        "d": 1,
        "q": 1,
        "P": 1,
        "D": 1,
        "Q": 1,
        "s": 12
      }
    },
    "metrics": {
      "mae": 13.0,
      "mse": 1012.2,
      "rmse": 31.815090758946454,
      "mape": 12.729290618027466,
      "smape": 22.768465579489945,
      "r_squared": -37.326391518364254,
      "correlation": 0.638107241558772,
      "mean_error": 11.8,
      "median_ae": 3.0,
      "max_error": 100.0,
      "min_error": 1.0,
      "std_error": 29.54589650019102,
      "iqr_error": 2.75,
      "q90_error": 15.399999999999967,
      "q95_error": 57.6999999999999,
      "theil_u": 1.0,
      "mase": 3.9
    },
    "status": "completed"
  }
}